{"[0] Computed Stepper Degree": 0, "[0] Steps Required": 0.0, "[0] Error": 0, "[1] Computed Stepper Degree": 0.9, "[1] Steps Required": 0.5, "[1] Error": 0.09999999999999998, "[2] Computed Stepper Degree": 1.8, "[2] Steps Required": 1.0, "[2] Error": 0.19999999999999996, "[3] Computed Stepper Degree": 2.7, "[3] Steps Required": 1.5, "[3] Error": 0.2999999999999998, "[4] Computed Stepper Degree": 3.6, "[4] Steps Required": 2.0, "[4] Error": 0.3999999999999999, "[5] Computed Stepper Degree": 5.4, "[5] Steps Required": 3.0, "[5] Error": -0.40000000000000036, "[6] Computed Stepper Degree": 6.3, "[6] Steps Required": 3.5, "[6] Error": -0.2999999999999998, "[7] Computed Stepper Degree": 7.2, "[7] Steps Required": 4.0, "[7] Error": -0.20000000000000018, "[8] Computed Stepper Degree": 8.1, "[8] Steps Required": 4.5, "[8] Error": -0.09999999999999964, "[9] Computed Stepper Degree": 9, "[9] Steps Required": 5.0, "[9] Error": 0, "[10] Computed Stepper Degree": 9.9, "[10] Steps Required": 5.5, "[10] Error": 0.09999999999999964, "[11] Computed Stepper Degree": 10.8, "[11] Steps Required": 6.0, "[11] Error": 0.1999999999999993, "[12] Computed Stepper Degree": 11.7, "[12] Steps Required": 6.5, "[12] Error": 0.3000000000000007, "[13] Computed Stepper Degree": 12.6, "[13] Steps Required": 7.0, "[13] Error": 0.40000000000000036, "[14] Computed Stepper Degree": 14.4, "[14] Steps Required": 8.0, "[14] Error": -0.40000000000000036, "[15] Computed Stepper Degree": 15.3, "[15] Steps Required": 8.5, "[15] Error": -0.3000000000000007, "[16] Computed Stepper Degree": 16.2, "[16] Steps Required": 9.0, "[16] Error": -0.1999999999999993, "[17] Computed Stepper Degree": 17.1, "[17] Steps Required": 9.5, "[17] Error": -0.10000000000000142, "[18] Computed Stepper Degree": 18, "[18] Steps Required": 10.0, "[18] Error": 0, "[19] Computed Stepper Degree": 18.9, "[19] Steps Required": 10.5, "[19] Error": 0.10000000000000142, "[20] Computed Stepper Degree": 19.8, "[20] Steps Required": 11.0, "[20] Error": 0.1999999999999993, "[21] Computed Stepper Degree": 20.7, "[21] Steps Required": 11.5, "[21] Error": 0.3000000000000007, "[22] Computed Stepper Degree": 21.6, "[22] Steps Required": 12.0, "[22] Error": 0.3999999999999986, "[23] Computed Stepper Degree": 23.4, "[23] Steps Required": 13.0, "[23] Error": -0.3999999999999986, "[24] Computed Stepper Degree": 24.3, "[24] Steps Required": 13.5, "[24] Error": -0.3000000000000007, "[25] Computed Stepper Degree": 25.2, "[25] Steps Required": 14.0, "[25] Error": -0.1999999999999993, "[26] Computed Stepper Degree": 26.1, "[26] Steps Required": 14.5, "[26] Error": -0.10000000000000142, "[27] Computed Stepper Degree": 27, "[27] Steps Required": 15.0, "[27] Error": 0, "[28] Computed Stepper Degree": 27.9, "[28] Steps Required": 15.5, "[28] Error": 0.10000000000000142, "[29] Computed Stepper Degree": 28.8, "[29] Steps Required": 16.0, "[29] Error": 0.1999999999999993, "[30] Computed Stepper Degree": 29.7, "[30] Steps Required": 16.5, "[30] Error": 0.3000000000000007, "[31] Computed Stepper Degree": 30.6, "[31] Steps Required": 17.0, "[31] Error": 0.3999999999999986, "[32] Computed Stepper Degree": 32.4, "[32] Steps Required": 18.0, "[32] Error": -0.3999999999999986, "[33] Computed Stepper Degree": 33.3, "[33] Steps Required": 18.5, "[33] Error": -0.29999999999999716, "[34] Computed Stepper Degree": 34.2, "[34] Steps Required": 19.0, "[34] Error": -0.20000000000000284, "[35] Computed Stepper Degree": 35.1, "[35] Steps Required": 19.5, "[35] Error": -0.10000000000000142, "[36] Computed Stepper Degree": 36, "[36] Steps Required": 20.0, "[36] Error": 0, "[37] Computed Stepper Degree": 36.9, "[37] Steps Required": 20.5, "[37] Error": 0.10000000000000142, "[38] Computed Stepper Degree": 37.8, "[38] Steps Required": 21.0, "[38] Error": 0.20000000000000284, "[39] Computed Stepper Degree": 38.7, "[39] Steps Required": 21.5, "[39] Error": 0.29999999999999716, "[40] Computed Stepper Degree": 39.6, "[40] Steps Required": 22.0, "[40] Error": 0.3999999999999986, "[41] Computed Stepper Degree": 41.4, "[41] Steps Required": 23.0, "[41] Error": -0.3999999999999986, "[42] Computed Stepper Degree": 42.3, "[42] Steps Required": 23.5, "[42] Error": -0.29999999999999716, "[43] Computed Stepper Degree": 43.2, "[43] Steps Required": 24.0, "[43] Error": -0.20000000000000284, "[44] Computed Stepper Degree": 44.1, "[44] Steps Required": 24.5, "[44] Error": -0.10000000000000142, "[45] Computed Stepper Degree": 45, "[45] Steps Required": 25.0, "[45] Error": 0, "[46] Computed Stepper Degree": 45.9, "[46] Steps Required": 25.5, "[46] Error": 0.10000000000000142, "[47] Computed Stepper Degree": 46.8, "[47] Steps Required": 26.0, "[47] Error": 0.20000000000000284, "[48] Computed Stepper Degree": 47.7, "[48] Steps Required": 26.5, "[48] Error": 0.29999999999999716, "[49] Computed Stepper Degree": 48.6, "[49] Steps Required": 27.0, "[49] Error": 0.3999999999999986, "[50] Computed Stepper Degree": 50.4, "[50] Steps Required": 28.0, "[50] Error": -0.3999999999999986, "[51] Computed Stepper Degree": 51.3, "[51] Steps Required": 28.5, "[51] Error": -0.29999999999999716, "[52] Computed Stepper Degree": 52.2, "[52] Steps Required": 29.0, "[52] Error": -0.20000000000000284, "[53] Computed Stepper Degree": 53.1, "[53] Steps Required": 29.5, "[53] Error": -0.10000000000000142, "[54] Computed Stepper Degree": 54, "[54] Steps Required": 30.0, "[54] Error": 0, "[55] Computed Stepper Degree": 54.9, "[55] Steps Required": 30.5, "[55] Error": 0.10000000000000142, "[56] Computed Stepper Degree": 55.8, "[56] Steps Required": 31.0, "[56] Error": 0.20000000000000284, "[57] Computed Stepper Degree": 56.7, "[57] Steps Required": 31.5, "[57] Error": 0.29999999999999716, "[58] Computed Stepper Degree": 57.6, "[58] Steps Required": 32.0, "[58] Error": 0.3999999999999986, "[59] Computed Stepper Degree": 59.4, "[59] Steps Required": 33.0, "[59] Error": -0.3999999999999986, "[60] Computed Stepper Degree": 60.3, "[60] Steps Required": 33.5, "[60] Error": -0.29999999999999716, "[61] Computed Stepper Degree": 61.2, "[61] Steps Required": 34.0, "[61] Error": -0.20000000000000284, "[62] Computed Stepper Degree": 62.1, "[62] Steps Required": 34.5, "[62] Error": -0.10000000000000142, "[63] Computed Stepper Degree": 63, "[63] Steps Required": 35.0, "[63] Error": 0, "[64] Computed Stepper Degree": 63.9, "[64] Steps Required": 35.5, "[64] Error": 0.10000000000000142, "[65] Computed Stepper Degree": 64.8, "[65] Steps Required": 36.0, "[65] Error": 0.20000000000000284, "[66] Computed Stepper Degree": 65.7, "[66] Steps Required": 36.5, "[66] Error": 0.29999999999999716, "[67] Computed Stepper Degree": 66.6, "[67] Steps Required": 37.0, "[67] Error": 0.4000000000000057, "[68] Computed Stepper Degree": 68.4, "[68] Steps Required": 38.0, "[68] Error": -0.4000000000000057, "[69] Computed Stepper Degree": 69.3, "[69] Steps Required": 38.5, "[69] Error": -0.29999999999999716, "[70] Computed Stepper Degree": 70.2, "[70] Steps Required": 39.0, "[70] Error": -0.20000000000000284, "[71] Computed Stepper Degree": 71.1, "[71] Steps Required": 39.5, "[71] Error": -0.09999999999999432, "[72] Computed Stepper Degree": 72, "[72] Steps Required": 40.0, "[72] Error": 0, "[73] Computed Stepper Degree": 72.9, "[73] Steps Required": 40.5, "[73] Error": 0.09999999999999432, "[74] Computed Stepper Degree": 73.8, "[74] Steps Required": 41.0, "[74] Error": 0.20000000000000284, "[75] Computed Stepper Degree": 74.7, "[75] Steps Required": 41.5, "[75] Error": 0.29999999999999716, "[76] Computed Stepper Degree": 75.6, "[76] Steps Required": 42.0, "[76] Error": 0.4000000000000057, "[77] Computed Stepper Degree": 77.4, "[77] Steps Required": 43.0, "[77] Error": -0.4000000000000057, "[78] Computed Stepper Degree": 78.3, "[78] Steps Required": 43.5, "[78] Error": -0.29999999999999716, "[79] Computed Stepper Degree": 79.2, "[79] Steps Required": 44.0, "[79] Error": -0.20000000000000284, "[80] Computed Stepper Degree": 80.1, "[80] Steps Required": 44.5,